restaurant_name;cuisine_type;email;phone;address;website;query
Regui Pizza - Montpellier;Pizzeria;;06 52 40 35 34;Nouveau Saint-Roch, 15 Av. de Maurin, 34000 Montpellier;https://reguipizza.com/order/?type=pickup;pizzeria montpellier
I RAGAZZI;Pizzas à emporter;;07 49 00 28 19;18 Rue d'Alger, 34000 Montpellier;https://iragazzimtp.jimdofree.com/la-carte/;pizzeria montpellier
Pinsa Ciao;Pizzeria;;09 83 88 12 32;19 Rue Henri René, 34000 Montpellier;;pizzeria montpellier
Pizzeria La Spezia;Pizzeria;;04 67 05 75 37;4 Rue du Pont de Lattes, 34000 Montpellier;https://www.instagram.com/laspeziamontpellier;pizzeria montpellier
LES PIZZAS;Pizzeria;;09 83 98 52 24;7 Rue des Trésorier de la Bourse, 34000 Montpellier;;pizzeria montpellier
MW Pizzeria & Co;Pizzeria;;09 88 56 52 09;36 Cr Gambetta, 34000 Montpellier;;pizzeria montpellier
La Burrata - Pizzeria;Pizzeria;pizza@laburrata.fr;09 86 28 08 73;40 Rue du Cardinal de Cabrières, 34000 Montpellier;https://laburrata.fr/#carte;pizzeria montpellier
Ori Panzerotti;Restaurant italien;;04 67 05 17 97;20 Av. Georges Clemenceau, 34000 Montpellier;https://www.oripanzerotti.com/menu;pizzeria montpellier
Basilic & Co - pizzas de terroirs - Montpellier;Pizzeria;;04 99 58 84 72;25 Pl. Caroline Aigle, 34000 Montpellier;https://thefork.fr/restaurant/basilic-co-montpellier-saint-roch--r812033?cc=18174-54f&rwg_token=AFd1xnEudv1rbA-2oxQoy2iXC3YK6AnJbC8zdpSbZnDg48dXWtOoU9NJ390SLSRpcMyt8wWkultUIeMElAqFv_xjctut7QEv36_sJpDquRLuxs_sPIpeLIY%3D;pizzeria montpellier
Pizzeria-Dei-Guindani;Pizzeria;;07 68 91 11 47;790 Av. Villeneuve d'Angoulême, 34070 Montpellier;https://thefork.fr/restaurant/pizzeria-dei-guindani-r852036?cc=18174-54f&rwg_token=AFd1xnF15MkL5H3_EWkfiTsZdvfA8OTSviB-otjixnQElsSPvPubJlH6Skld8vihKH_muRiRB_x_TnZ0S0J_5-aSTAjOYttAqrPNIkusCQVWV1SE2A81G_Y%3D;pizzeria montpellier
Pizza Vera Napoli pizzeria feu de bois montpellier;Pizzeria;;06 77 00 49 16;Centre commercial du mas drevon, Bd Pedro de Luna, 34070 Montpellier;https://aufeudebois-pizza-montpellier.fr/notre-carte/;pizzeria montpellier
Restaurant Il Bar A Pizze - Montpellier;Restaurant italien;;06 07 39 61 65;290 Av. Théroigne de Méricourt, 34000 Montpellier;https://ilbarapizze.fr/link/table-booking?location_id=5013688416961822745&generated_by_centralapp;pizzeria montpellier
DIQUALITA MONTPELLIER;Pizzeria;;09 55 65 45 99;222 Rue Vendémiaire, 34000 Montpellier;;pizzeria montpellier
Pinocchio - Restaurant Italien Montpellier;Restaurant italien;;07 66 97 84 82;5 Pl. Jean Jaurès, 34000 Montpellier;https://www.sevenrooms.com/explore/pinocchiomontpellier/reservations/create/search?tracking=goog;pizzeria montpellier
Vera vera pizzeria;Pizzeria;contact@veravera-pizzeria.fr;07 67 64 00 34;95 Rue Don Bosco, 34000 Montpellier;https://veravera-pizzeria.fr/;pizzeria montpellier
La Mamma St Roch - Restaurant Italien Montpellier;Restaurant italien;;04 67 55 49 83;Mamma, 1 Rue en Gondeau, 34000 Montpellier;https://bookings.zenchef.com/results?rid=372904&pid=1001;pizzeria montpellier
La Pizza De L'Estanove;Pizzeria;;04 49 07 29 49;1 Rue des Capriers, 34070 Montpellier;;pizzeria montpellier
Pizzeria le Repalatin;Pizzeria;;04 99 63 56 57;42 Rue du Faubourg Figuerolles, 34070 Montpellier;https://www.facebook.com/Le-Repalatin-103727091266734/;pizzeria montpellier
LIKMA PIZZA - pizzeria/snack/burger;Pizzeria;;09 60 40 17 08;88 Av. du Pont Juvénal, 34000 Montpellier;;pizzeria montpellier
Pizzeria la Terrasse;Pizzeria;;04 99 65 56 21;4 rue du four saint eloi, Rue de Candolle, 34000 Montpellier;https://pizzeria-laterrasse.com/c/la-carte;pizzeria montpellier
PIZZA EAT Montpellier;Pizzeria;;09 86 54 06 36;35 Av. de Toulouse, 34070 Montpellier;https://delicity.com/pizza-eat-montpellier;pizzeria montpellier
POUSSE Pizza;Pizzeria;;06 17 38 27 19;7 Rue du Faubourg du Courreau, 34000 Montpellier;https://linktr.ee/pousse.restaurant;pizzeria montpellier
Pizza Palace;Pizzeria;;04 67 66 28 54;11 Rue Four des Flammes, 34000 Montpellier;;pizzeria montpellier
Pizza Hut;Pizzeria;;04 67 29 10 10;55 Bis Av. Georges Clemenceau, 34000 Montpellier;https://www.pizzahut.fr/huts/fr-1/157-montpellier/?utm_campaign=web_url&utm_medium=maps&utm_source=google&y_source=1_MTEzMzQ5NjItNzE1LWxvY2F0aW9uLndlYnNpdGU%3D;pizzeria montpellier
CHEEZY PIZZA;Pizzeria;;04 99 67 39 55;6 Rue de l'Université, 34000 Montpellier;https://cheezy-pizza.fr/order/#openOrderTime;pizzeria montpellier
Cheezy Pizza Comédie;Pizzeria;;09 88 45 01 87;4 Rue de Verdun, 34000 Montpellier;https://cheezy-pizza.fr/order/;pizzeria montpellier
Home Sushi;Restaurant de sushis;;04 48 18 08 87;4 Bd Vieussens, 34000 Montpellier;http://www.homesushi.fr/;pizzeria montpellier
Eden Pizza - Près d’arènes;Pizzeria;;07 45 04 20 32;277 Rue de l'Industrie, 34070 Montpellier;;pizzeria montpellier
Chez Valou, Les Souris Dansent;Restaurant;;06 64 12 96 74;6 Rue de la Vieille, 34000 Montpellier;https://chez-valou-les-souris-dansent-montpellier.fr/fr/services;pizzeria montpellier
Versione Originale;Pizzeria;;09 86 65 63 48;1 Av. Chancel, 34090 Montpellier;;pizzeria montpellier
PIZZA STREET;Pizzeria;;06 52 42 34 23;52 Rue du Faubourg du Courreau, 34000 Montpellier;http://www.pizzastreet.fr/;pizzeria montpellier
Big pizza;Pizzeria;;07 84 92 62 51;9 Rue de l'École de Pharmacie, 34000 Montpellier;https://bigpizza-montpellier.fr/;pizzeria montpellier
Tukizza Montpellier;Pizzas à emporter;;07 68 54 51 42;Pl. du Marché aux Fleurs, 34000 Montpellier;https://linktr.ee/tukizzamontpellier;pizzeria montpellier
Pizza Jules César | Livraison Pizza Montpellier;Pizzeria;;07 69 34 79 39;28 Rue Lamartine, 34070 Montpellier;https://de.cdn-website.com/414f0c2a10544e7894b25d95f6d9ff12/files/uploaded/Carte_2024_JULES_CESAR.pdf;pizzeria montpellier
Pizzeria la casa;Pizzas à emporter;;07 53 03 63 00;81 Rue du Faubourg Boutonnet, 34090 Montpellier;;pizzeria montpellier
L'OSTERIA;Bar;contact@etre-visible.local.fr;07 81 64 94 82;12 Rue de Candolle, 34000 Montpellier;https://www.osteria-pizzetta.fr/;pizzeria montpellier
IT - Italian Trattoria Montpellier;Restaurant italien;;04 67 56 34 65;2bis Rue de Verdun, 34000 Montpellier;https://restaurants.it-trattoria.fr/montpellier/?utm_source=google&utm_medium=organic&utm_campaign=mybusiness-website;pizzeria montpellier
Bambino Rocco restaurant italien Montpellier;Restaurant italien;;04 67 05 39 87;20 Rue de l'Aiguillerie, 34000 Montpellier;https://bambinorocco.com/;pizzeria montpellier
PIZZA STREET - AVENUE TOULOUSE;Pizzas à emporter;;04 99 51 61 96;41 Av. de Toulouse, 34070 Montpellier;;pizzeria montpellier
Don Camillo;Restaurant italien;;04 67 56 57 01;4 Rue de la Petite Loge, 34000 Montpellier;https://www.doncamillomontpellier.fr/menu;pizzeria montpellier
ANGELO PIZZERIA;Pizzeria;;04 67 71 69 36;2 Pl. du Nombre d'Or, 34000 Montpellier;https://thefork.fr/restaurant/angelo-pizzeria-r853070?cc=18174-54f&rwg_token=AFd1xnFnYtKmpufm_2mRUD9MYmR2qsfGkySKJSfXOpw04dzLk9iLMJ8oLvCZRNPDyfmOxFB2EIqArEM14jlxNqkWoNydNivJ0jOJLjdVrkU1tNvNw82eUXY%3D;pizzeria montpellier
Pizz’burg Avenue;Restaurant de hamburgers;khalidoo.34@hotmail.fr;04 67 20 27 57;Commercial Mas Drevon, 216 Bd Pedro de Luna, 34070 Montpellier;https://www.ubereats.com/fr/store/pizzburg-avenue/HQwiaE7nSii6QQc-OF332Q?diningMode=DELIVERY&pl=JTdCJTIyYWRkcmVzcyUyMiUzQSUyMklOT1ZJRSUyMExhYm9zdWQlMjAtJTIwTW9udHBlbGxpZXIlMjBQciVDMyVBOHMlMjBkJ0FyJUMzJUE4bmVzJTIyJTJDJTIycmVmZXJlbmNlJTIyJTNBJTIyQ2hJSnl5ejJQWmF2dGhJUnNKQU1MZmJ1d3BBJTIyJTJDJTIycmVmZXJlbmNlVHlwZSUyMiUzQSUyMmdvb2dsZV9wbGFjZXMlMjIlMkMlMjJsYXRpdHVkZSUyMiUzQTQzLjU5MDk4MzclMkMlMjJsb25naXR1ZGUlMjIlM0EzLjg4MzAwNjclN0Q%3D;pizzeria montpellier
Volfoni Montpellier – Restaurant Italien Pizzeria & Cocktails;Restaurant italien;;04 99 64 87 45;Av. du Pirée, 34000 Montpellier;https://www.volfoni.fr/nos-restaurants/volfoni-antigone-montpellier?utm_source=google&utm_medium=organic&utm_campaign=mybusiness-website;pizzeria montpellier
Domino's Pizza Montpellier Sud;Pizzeria;;04 67 47 13 00;3 Av. de Toulouse, 34070 Montpellier;https://www.dominos.fr/?utm_source=google&utm_medium=local&utm_campaign=yext;pizzeria montpellier
Restaurant Italien, Pizzeria - Pizza Papa - Comédie;Pizzeria;;04 67 58 58 32;13 Pl. de la Comédie, 34000 Montpellier;https://www.pizzapapa.fr/carte/;pizzeria montpellier
L'Ovalino;Pizzeria;;04 99 53 07 30;965 Rue de Bugarel, 34070 Montpellier;https://lovalino.fr/;pizzeria montpellier
Rocco et sa mère;Restaurant italien;;04 67 57 35 03;8 Rue du Plan d'Agde, 34000 Montpellier;https://roccoetsamere.com/reserver/;pizzeria montpellier
O vesuvio;Restaurant italien;;06 18 91 67 66;16 Pl. du Nombre d'Or, 34000 Montpellier;;pizzeria montpellier
PIZZA LAB;Pizzeria;;09 78 81 27 83;2 Rue Jules Grevy, 34000 Montpellier;https://instagram.com/pizzalab_montpellier?igshid=OGQ5ZDc2ODk2ZA%3D%3D&utm_source=qr;pizzeria montpellier
Pizza Ross;Pizzeria;;06 66 58 27 66;14 Pl. de la Comédie, 34000 Montpellier;;pizzeria montpellier
Bisciù Pizzeria;Restaurant italien;;09 53 97 54 72;6 Rue Proudhon, 34090 Montpellier;http://www.xn--bisci-5ua.fr/;pizzeria montpellier
La Pizzaïère;Pizzeria;;04 11 75 01 96;1337 Av. de Maurin, 34070 Montpellier;https://www.lapizzaieremontpellier.fr/;pizzeria montpellier
PIZZA MARSALA;Restaurant;;09 52 54 54 22;20 Rue de la Méditerranée, 34070 Montpellier;http://pizza-marsala.fr/;pizzeria montpellier
TACOS & PIZZA;Pizzeria;;07 70 43 22 19;758 Av. du Maréchal Leclerc, 34000 Montpellier;https://www.ubereats.com/fr/store/tacos-%26-pizza/I6V7dmNrVDyxF0dIV8XW6A?diningMode=DELIVERY&sc=SEARCH_SUGGESTION;pizzeria montpellier
Brasserie du Théâtre;Restaurant;contact@brasseriedutheatre.fr;04 67 58 88 80;22 Bd Victor Hugo, 34000 Montpellier;http://www.brasseriedutheatre.fr/;brasserie montpellier
Le Dome;Brasserie;;04 67 92 66 70;2 Av. Georges Clemenceau, 34000 Montpellier;http://www.ledomemontpellier.fr/;brasserie montpellier
Les Bockale | Bar à bières - food & Brunch | Montpellier;Microbrasserie;;07 88 24 19 81;2 Rue de la République, 34000 Montpellier;https://bookings.zenchef.com/results?rid=375766&pid=1001;brasserie montpellier
Café de la Mairie - Restaurant brasserie à Montpellier;Restaurant;;04 67 60 94 18;14 Rue du Plan d'Agde, 34000 Montpellier;https://bookings.zenchef.com/results?rid=372902&pid=1001;brasserie montpellier
Brasserie Pompette;Restaurant;;06 19 44 33 58;117 Rue des États Généraux, 5 place de la révolution, 34000 Montpellier;https://www.instagram.com/brasserie_pompette/;brasserie montpellier
Broc Café;Brasserie;;09 70 97 87 37;2 Bd Henri IV, 34000 Montpellier;https://bookings.zenchef.com/results?rid=362410&pid=1001;brasserie montpellier
Microbrasserie La Barbote;Pub;;07 68 31 12 50;1 Rue des deux Ponts, 34000 Montpellier;https://www.microbrasserielabarbote.com/;brasserie montpellier
BISTROT L’ ODYSSÉE;Bar;;;11 Rue Frédéric Bazille, 34000 Montpellier;;brasserie montpellier
Chez Delagare - Brasserie Moderne;Restaurant;info@belaroia.fr;04 11 28 30 37;21 Rue Jules Ferry, 34000 Montpellier;https://belaroiahotel.fr/wp-content/uploads/2024/10/CARTE-CHEZ-DELAGARE-WEB.pdf;brasserie montpellier
Hopulus Brewpub;Bar;;;8 Rue Collot, 34000 Montpellier;https://www.facebook.com/hopulus/;brasserie montpellier
Le Réservoir;Bar;;09 74 64 15 25;55 Rue de Montels Saint-Pierre, 34070 Montpellier;https://linktr.ee/lereservoirmontpellier;brasserie montpellier
Brasserie des Halles;Brasserie;;;5 Pl. Alexandre Laissac, 34000 Montpellier;;brasserie montpellier
BRASSERIE LAISSAC;Brasserie;brasserie.laissac@gmail.com;04 67 57 72 10;9 Pl. Alexandre Laissac, 34000 Montpellier;https://www.facebook.com/profile.php?id=61557652253148;brasserie montpellier
Pousse Pas Mémé dans la Vigne;Caviste;devis.ppmv@gmail.com;04 48 27 05 75;10 Rue des Étuves, 34000 Montpellier;https://www.poussepasmeme.com/;brasserie montpellier
Le Paresseur;Restaurant français;;04 67 67 12 07;15 Rue Jules Latreilhe, 34000 Montpellier;https://leparesseur.fr/link/table-booking?location_id=5469555217508860031&generated_by_centralapp;brasserie montpellier
Brasserie Des Finances;Brasserie;;04 67 58 42 09;21 Bd Renouvier, 34000 Montpellier;https://www.facebook.com/brasseriedesfinances/menu/;brasserie montpellier
L'Acolyte;Restaurant;;04 67 66 03 43;1 Rue des Trésoriers de France, 34000 Montpellier;;brasserie montpellier
La BAF Brasserie Associative de Figuerolles;Brasserie;;;1 Rue de Claret, 34070 Montpellier;https://www.facebook.com/AssosLABAF;brasserie montpellier
Plein Sud;Bar à vin;pleinsud.montpellier@gmail.com;09 88 32 38 47;16 Rue de la Monnaie, 34000 Montpellier;https://www.pleinsud-montpellier.fr/;brasserie montpellier
LE GURU;Restaurant;;04 99 62 24 50;36 Rue de l'Argenterie, 34000 Montpellier;https://bonjourmenu.fr/view/-M_vguJlgd56L_K3LmwU/0?fbclid=IwAR2bSETQAoMUVfk8lwXA1npIKvkr4iGO7XbQ5rE3RIZfqmpjb1w8VUv0Oe8;brasserie montpellier
L'Accoudoir;Restaurant;contactlaccoudoir.montpellier@gmail.com;04 67 60 87 56;3 Rue du Plan d'Agde, 34000 Montpellier;https://laccoudoir-montpellier.fr/la-carte/;brasserie montpellier
Maison Marguerite - Restaurant à Montpellier;Restaurant;;04 67 02 17 89;2 Imp. Périer, 34000 Montpellier;https://maisonmarguerite34.fr/;brasserie montpellier
Brasserie Chez Boris;Restaurant français;contact@chezboris.com;04 67 02 82 38;17 Bd Sarrail, 34000 Montpellier;https://www.chezboris.com/cartes/;brasserie montpellier
COMME UN DIMANCHE SOUS LE FIGUIER Grillades à la braise /Montpellier;Restaurant de grillades;;04 67 60 60 41;15 Rue du Petit Saint-Jean, 34000 Montpellier;http://www.dimanchesouslefiguier.fr/;brasserie montpellier
Angus & Bacchus;Restaurant français;;04 67 55 79 57;4 Rue Diderot, 34000 Montpellier;https://angusetbacchus.fr/link/table-booking?location_id=5487699521934721039&generated_by_centralapp;brasserie montpellier
Brasserie L'escale Montpellier;Restaurant;contact@jscom.fr;04 34 00 25 51;9 Rue Alfred Bruyas, 34000 Montpellier;https://jscom.fr/LESCALE/index.html;brasserie montpellier
Brasserie Chez Régis;Brasserie;;04 67 60 53 95;3 Pl. Jean Jaurès, 34000 Montpellier;;brasserie montpellier
La Chistera;Restaurant;;04 67 55 39 51;2Bis Rue d'Obilion, 34000 Montpellier;https://www.la-chistera.com/7-reservation;brasserie montpellier
Les Caves du Courreau;Restaurant français;;04 67 84 09 20;42 Rue du Faubourg du Courreau, 34000 Montpellier;;brasserie montpellier
Restaurant Leclère, Cuisine d’arrivage.;Restaurant gastronomique;;04 67 68 96 85;8 Rue André Michel, 34000 Montpellier;http://www.restaurantleclere.com/;brasserie montpellier
CAFÉ MARCEAU;Restaurant;lcm34@outlook.fr;04 99 65 09 52;6 Cr Gambetta, 34000 Montpellier;https://cafe-marceau.webnode.fr/;brasserie montpellier
La Cigale;Restaurant;;09 74 97 46 40;7 Bd des Arceaux, 34000 Montpellier;https://www.lacigalemontpellier.fr/;brasserie montpellier
Le Bourdon;Restaurant;lebourdon.montpellier@gmail.com;04 48 79 64 64;35 Rue Saint-Guilhem, 34000 Montpellier;https://restaurant-le-bourdon-montpellier.jimdosite.com/;brasserie montpellier
MeNow Brunch & Healthy Cook;Restaurant;;06 58 46 42 01;6 Rue en Gondeau, 34000 Montpellier;;brasserie montpellier
Le jardin des Sens;Restaurant gastronomique;;04 99 66 18 18;Pl. de la Canourgue, 34000 Montpellier;https://thefork.fr/restaurant/le-jardin-des-sens-r845109?cc=18174-54f&rwg_token=AFd1xnGAlAFLNL8brBfEoe_mgaw6L9AtSDkWFHjLNXGWS8elj1S8s0csAUs0NIfZlQLQRN4445_LC5DmFq9WhqQNCQYgL6XNAC4LpAd0VzwXanQ_rCbfqt0%3D;brasserie montpellier
Le Boudoir Montpelliérain;Restaurant français;;04 67 10 79 49;190 Rue d'Argencourt, 34000 Montpellier;https://leboudoir-restaurant.fr/;brasserie montpellier
Le Bistrok Montpellier;Restaurant;bistrokmontpellier1@gmail.com;07 68 87 74 93;47 Rue de l'Aiguillerie, 34000 Montpellier;https://lebistrok.com/restaurant-montpellier/;brasserie montpellier
Le Couperet | Bar & Restaurant Smokehouse | Montpellier;Restaurant de grillades à l'américaine;;04 34 43 72 60;3 Rue des Teissiers, 34000 Montpellier;https://www.le-couperet-smokehouse-restaurant.fr/;brasserie montpellier
Le Café Joseph;Restaurant;;04 67 66 31 95;3 Pl. Jean Jaurès, 34000 Montpellier;https://bookings.zenchef.com/results?rid=372903&pid=1001;brasserie montpellier
BRASSERIE LEPIC;Bistro;brasserielepic@orange.fr;04 67 42 57 55;29 Av. Lepic, 34000 Montpellier;https://brasserie-lepic.eatbu.com/#menu;brasserie montpellier
AU LOUP Restaurant & Bar 🍴🍸🍻;Brasserie;;04 67 55 11 65;5 Pl. du Marché aux Fleurs, 34000 Montpellier;https://sundayapp.io/venues/144eed66-6af2-457a-9d9a-07ef64168e64/menus;brasserie montpellier
Les BerThoM Montpellier;Bar;;04 99 62 15 12;5 Rue Boussairolles, 34000 Montpellier;https://reservation.reserverunbar.fr/lieu/13873/les-berthom-montpellier;brasserie montpellier
La Bistrote;Restaurant français;;04 67 66 14 17;4 Rue Philippy, 34000 Montpellier;https://www.facebook.com/LaBistr0te/;brasserie montpellier
POKHAWAI POKE BAR - Meilleur poké bowl à Montpellier;Restaurant hawaïen;;04 49 07 35 16;1 Rue Levat, 34000 Montpellier;https://thefork.fr/restaurant/pokhawai-r668985?cc=18174-54f&rwg_token=AFd1xnGaGiEkkTa9qw2VqhEc7omIWrlzRSFDyYln5k3FGFxeT5O6Obf9XcwpKozy6vKs5pJlBr1G8KoGAUxPSe3n9He6DcMV7yx4MzRZ4S7l3Z3WN14CPX4%3D;brasserie montpellier
Restaurant La Rose de Damas;Restaurant syrien;;04 67 29 27 01;24 Rue Chaptal, 34000 Montpellier;;brasserie montpellier
La Grange;Restaurant français;;04 67 54 68 80;30 Rue Jean Jacques Rousseau, 34000 Montpellier;;brasserie montpellier
Les Garçons;Bar à tapas;;09 73 29 40 34;15 Rue des Sœurs Noires, 34000 Montpellier;https://reservation.laddition.com/booking/gRNiwBVlh;brasserie montpellier
Le Pat'Daniel's;Restaurant;;06 58 63 73 01;31 Rue de la Méditerranée, 34000 Montpellier;https://www.facebook.com/pages/Le-PatDaniels/868606219848732?fref=ts;brasserie montpellier
Les t'OCqués;Restaurant;;04 67 63 42 86;15 Rue Roucher, 34000 Montpellier;https://www.facebook.com/pages/category/French-Restaurant/Les-tOCqu%C3%A9s-941430415955522/;brasserie montpellier
Cafe Leon;Restaurant;;04 67 60 56 83;12 Rue du Plan d'Agde, 34000 Montpellier;;brasserie montpellier
Restaurant Le Montis - Bar à Cocktails - Montpellier centre;Restaurant;;04 48 78 07 93;14 Rue Jules Latreilhe, 34000 Montpellier;https://www.le-montis-restaurant-montpellier.fr/restaurant-tapas-burger-centre-ville-montpellier;brasserie montpellier
Les Castors - Bar à Jeux;Bar;contact@lescastors.fun;09 73 28 79 77;12 Rue des Trésorier de la Bourse, 34000 Montpellier;https://lescastors.fun/reservation;brasserie montpellier
Les Fils À Maman Montpellier;Restaurant français;;04 67 60 60 71;12 Rue du Petit Saint-Jean, 34000 Montpellier;https://bookings.zenchef.com/results?rid=351510&pid=1001;brasserie montpellier
Bar L'Elytre;Bar;;04 99 66 18 18;Pl. de la Canourgue, 34000 Montpellier;https://thefork.fr/restaurant/bar-l-elytre-richer-de-belleval-r845113?cc=18174-54f&rwg_token=AFd1xnGPIcgqAbW8_Mv8QNHBmmIs82CDjjoMi5do8kmihqwWu9-y-K7IjidOr0jtM_qt7JnvOGiT07AyGavbLonF3cCFuhmVWeNje9KtUGFPjjV_BGpSUlQ%3D;brasserie montpellier
Pastis Restaurant;Restaurant;;04 67 66 37 26;3 Rue Terral, 34000 Montpellier;https://thefork.fr/restaurant/pastis-restaurant-r803789?cc=18174-54f&rwg_token=AFd1xnFXtZvtZ08n0R2BK6QlydQ4wdlIbXyxzvEQnPcw-4NuWfWXV0FoqqYOhE9NoldTdV_Lw12GzUUZaiBtdDsyiIW3nxo_Ng%3D%3D;brasserie montpellier
Bistrot Rondelet;Restaurant;;06 89 72 07 85;1 Pl. Rondelet, 34000 Montpellier;;bistrot montpellier
Pinot Bistrot;Restaurant;;06 10 71 03 20;6 Rue du Petit Saint-Jean, 34000 Montpellier;https://www.instagram.com/pinot_bistrot_montpellier/;bistrot montpellier
Bistrot des Arceaux;Restaurant;;04 34 11 18 67;25 Rue Hippolyte, 34000 Montpellier;https://bistrotdesarceaux.fr/;bistrot montpellier
Bistrot Sainte Anne;Restaurant;contact@bistrot-sainte-anne.com;09 80 58 57 54;7 Pl. du Petit Scel, 34000 Montpellier;http://www.bistrot-sainte-anne.com/;bistrot montpellier
Bouillon Maurel;Restaurant;;06 80 84 54 07;3 Rue des Multipliants, 34000 Montpellier;;bistrot montpellier
Bistrot Umami Montpellier;Restaurant;;04 67 55 06 65;3 Pl. de la Canourgue, 34000 Montpellier;https://www.umami-cinquiemesaveur.com/carte-bistrot/;bistrot montpellier
Le Bistro Urbain;Restaurant;lebistrourbain@gmail.com;06 60 94 96 16;5 Rue Alexandre Cabanel, 34000 Montpellier;https://bistrourbain.com/;bistrot montpellier
MENJIA - Bistrot Canaille;Restaurant;;04 67 47 96 67;26 Rue Terral, 34000 Montpellier;https://www.menjia.fr/;bistrot montpellier
Chez Pinot;Bar à vin;;06 76 04 42 95;17 Rue des Sœurs Noires, 34000 Montpellier;;bistrot montpellier
Bistrot des musées;Restaurant;;06 11 81 77 13;22 Rue Jacques Cœur, 34000 Montpellier;https://www.bistrotdesmusees.fr/#prices;bistrot montpellier
Faim;Restaurant;faim.soifaussi@gmail.com;09 55 95 05 27;13 Rue Eugène Lisbonne, 34000 Montpellier;https://faimsoif.ft.restaurant/;bistrot montpellier
Le Jardin des Frangins - Restaurant Bistronomique avec Terrasse - Montpellier;Restaurant;;06 76 63 09 45;2 Rue des Loriots, 34000 Montpellier;https://thefork.fr/restaurant/le-jardin-des-frangins-r502445?cc=18174-54f&rwg_token=AFd1xnF0ZMOLK_iK3pMki_AvuwC_4uut3A5fpZC3teDfnpBdhP1_0wb6HcdOPOtf0rF3X1TVidGNAWu1eaMLXa8vpt-CifqWlaP-cuJ-gC0Rl0TlBEPxmPA%3D;bistrot montpellier
Bistro La Canourgue;Restaurant;;04 99 66 18 18;Pl. de la Canourgue, 34000 Montpellier;https://thefork.fr/restaurant/le-bistrot-la-canourgue-r845107?cc=18174-54f&rwg_token=AFd1xnG6Q3kyCJibk9SETc3j-FGtzdA9h8gBYFZqqLKUNDFGwFdkdcQwMatJFDCW9_mKSUxigeWrUGWTPWZUsJg9R74ipqyB9y22bLiAXN_GT4GjRyhkQr0%3D;bistrot montpellier
Bistrot Gilles;Bistro;;04 67 58 49 46;2 Pl. Saint-Come, 34000 Montpellier;;bistrot montpellier
Les Enfants Rouges;Restaurant de tapas;;06 62 13 14 12;3 Plan Duché, 34000 Montpellier;http://www.lesenfantsrouges.fr/les-vins-2/;bistrot montpellier
LAS TAPAS;Restaurant familial;;06 32 97 92 36;6 Rue Jules Latreilhe, 34000 Montpellier;https://www.las-tapas.fr/;bistrot montpellier
Coppia;Restaurant;;06 81 99 04 04;5 Pl. du Petit Scel, 34000 Montpellier;https://www.instagram.com/coppia.montpellier/;bistrot montpellier
Restaurant l'Angelus;Restaurant;;;3 Rue de l'Ancien Courrier, 34000 Montpellier;https://restaurant-angelus.fr/menu-angelus/;bistrot montpellier
Le Bistro Romain Montpellier;Restaurant;;04 67 22 44 14;Espl. de l'Europe, 34000 Montpellier;https://bistro-romain-montpellier.com/;bistrot montpellier
Les Canons | Restaurant Montpellier;Restaurant;;04 99 61 82 09;28 Rue de Candolle, 34000 Montpellier;https://octotable.com/book/restaurant/125782/welcome;bistrot montpellier
Comptoir de l'Arc;Restaurant;;04 67 60 30 79;Pl. de la Canourgue, 34000 Montpellier;https://comptoir-de-l-arc.tastycloud.menu/7c04c05b878cce242b9772c434e54b99c0b8f6ea4db2b4eaa477d814841f0cf4/roomdirectory/booking/17919;bistrot montpellier
Rosemarie - Restaurant Méditerranéen Montpellier;Restaurant méditerranéen;;;3 Rue des Sœurs Noires, 34000 Montpellier;https://bookings.zenchef.com/results?rid=363410&pid=1001;bistrot montpellier
le victoria;Restaurant;;04 48 78 60 29;3 Pl. Castellane, 34000 Montpellier;https://form.jotform.com/242043539570354;bistrot montpellier
Les Bistronomes;Restaurant;;04 67 83 28 67;22 Pl. du Nombre d'Or, 34000 Montpellier;https://www.facebook.com/profile.php?id=100063670505774;bistrot montpellier
Buonanotte;Restaurant méditerranéen;;04 67 67 21 61;25 Rue de l'Université, 34000 Montpellier;http://buonanotte.fr/;bistrot montpellier
L'Alchimiste;Restaurant;;04 67 60 93 53;19 Rue Roucher, 34000 Montpellier;https://bookings.zenchef.com/results?rid=357180&pid=;bistrot montpellier
Brasserie le BG;Restaurant;brasseriebg.sj@gmail.com;04 11 75 21 07;180 Rue de Galata, 34000 Montpellier;https://www.bg-restaurant.fr/menus-carte/#menu-447048;bistrot montpellier
Café Pitot;Bar;;07 49 89 46 47;2 Place d'Aviler, 34000 Montpellier;https://sundayapp.io/venues/98dd56f7-20bf-443d-b957-994bb8752035/tables/00000000-2c94-4a90-b7d8-b172d1e191af?scanId=url-shortener_xFIOY8Byjqy6;bistrot montpellier
Times - Bar à Vins Montpellier;Bar;;04 67 12 00 02;7 Rue des Teissiers, 34000 Montpellier;;bistrot montpellier
Bar - Brasserie Les Salins;Brasserie;;04 67 29 57 89;18 Rue Emile Zola, 34000 Montpellier;;bistrot montpellier
Chupinazo;Restaurant;;09 53 63 05 89;2 Pl. Saint-Come, 34000 Montpellier;;bistrot montpellier
CÉNA - Restaurant gastronomique Montpellier;Restaurant gastronomique;;04 67 66 12 21;2 Pl. Pétrarque, 34000 Montpellier;https://bookings.zenchef.com/results?rid=372900&pid=1001;bistrot montpellier
Restaurant Aliro By Gary-Bobo Jean;Restaurant gastronomique;;04 99 67 10 39;17 Rue Saint-Firmin, 34000 Montpellier;https://thefork.fr/restaurant/aliro-r839845?cc=18174-54f&rwg_token=AFd1xnHmK8VoHxUcqBvurBhcDIVBdFf_DZlMLEQIN8ojzqd2PEF4vOCnhiWNmsvL1eS5Krr9Bxec2yikX_74TdPuCEXRtQnFpvnhTqoNCfc1o3GkjcN0pDg%3D;restaurant gastronomique montpellier
La Réserve Rimbaud;Restaurant gastronomique;;04 67 72 52 53;820 Av. de Saint-Maur, 34000 Montpellier;https://thefork.fr/restaurant/restaurant-la-reserve-rimbaud-r756448?cc=18174-54f&rwg_token=AFd1xnEDD3z4fOQxq4IearORW-1xdaQe4xKZ_VLJU6PUE-B8LKE2mZU0OLKUtspTYwJU-W4qs3NgEGNdFYIPPc2HpGdtl1EBEA%3D%3D;restaurant gastronomique montpellier
ARTISANE;Restaurant gastronomique;;04 99 06 50 80;19 Rue du Palais des Guilhem, 34000 Montpellier;https://bookings.zenchef.com/results?rid=360828&pid=1001;restaurant gastronomique montpellier
Ébullition;Restaurant gastronomique;info@restaurant-ebullition.fr;09 86 10 84 84;10 Rue du Pila St Gély, 34000 Montpellier;http://www.restaurant-ebullition.fr/;restaurant gastronomique montpellier
Restaurant La Table Des Poètes;Restaurant;contact@la-table-des-poetes.com;04 99 61 19 59;2 Rue Desmazes, 34000 Montpellier;https://la-table-des-poetes.com/menu/;restaurant gastronomique montpellier
Aroc;Restaurant gastronomique;contact@restaurant-aroc.com;04 30 96 80 33;15 Rue Jean Jacques Rousseau, 34000 Montpellier;https://restaurant-aroc.com/;restaurant gastronomique montpellier
Reflet d'Obione;Restaurant gastronomique;;04 99 61 09 17;29 Rue Jean Jacques Rousseau, 34000 Montpellier;https://bookings.zenchef.com/results?rid=351905&pid=1001;restaurant gastronomique montpellier
ESENCIA, restaurant et cave à vins à Montpellier;Restaurant;;09 79 39 32 28;11 Rue du Cheval Vert, 34000 Montpellier;https://www.instagram.com/esencia_montpellier/;restaurant gastronomique montpellier
Restaurant du Petit Jardin;Restaurant français;contact@petit-jardin.com;04 67 60 78 78;20 Rue Jean Jacques Rousseau, 34000 Montpellier;https://www.petit-jardin.com/wp-content/uploads/2025/03/carte-petit-jardin-francais-site.pdf;restaurant gastronomique montpellier
Les Vignes Montpellier;Restaurant français;t.germain34@gmail.com;04 67 60 48 42;2 Rue Bonnier d'Alco, 34000 Montpellier;https://www.lesvignesrestaurant.fr/;restaurant gastronomique montpellier
Les Gourmands;Restaurant;;04 67 72 82 76;40 Av. Saint-Lazare, 34000 Montpellier;https://resto-lesgourmands.happyreza.com/;restaurant gastronomique montpellier
Restaurant Le Grand Arbre;Restaurant français;;04 67 45 71 55;1225 Rue de Bionne, 34070 Montpellier;https://www.legrandarbre.com/menus/;restaurant gastronomique montpellier
GOMU Montpellier;Restaurant de hamburgers;;04 34 11 79 63;25 Rue François Coulet, 34000 Montpellier;https://restaurants.gomuburger.com/montpellier-saint-roch/?utm_source=google&utm_medium=organic&utm_campaign=mybusiness-website;restaurant gastronomique montpellier
L'Atelier du Petit Jardin;Restaurant;contact@petit-jardin.com;04 67 82 09 87;196 Rue Elie Wiesel, 34000 Montpellier;https://www.petit-jardin.com/atelier-petit-jardin/restaurant-ambiance-montpellier/;restaurant gastronomique montpellier
Le Sens Six Restaurant;Restaurant français;restaurant@lesenssix.fr;04 67 75 75 56;106 Av. de Lodeve, 34070 Montpellier;https://www.lesenssix.fr/chambres/;restaurant gastronomique montpellier
Mahé;Restaurant;contact@mahe-restaurant.fr;04 67 20 25 26;581 Av. de la Pompignane, 34000 Montpellier;http://www.mahe-restaurant.fr/;restaurant gastronomique montpellier
Naïa Restaurant | Montpellier;Restaurant méditerranéen;;06 21 92 58 75;1348 Av. de la Mer-Raymond Dugrand, 34000 Montpellier;https://www.le-naia.fr/menu;restaurant gastronomique montpellier
Restaurant Sensible;Restaurant végétarien;;09 83 88 90 90;25 Rue du Pila St Gély, 34000 Montpellier;https://restaurantsensible.fr/reservations/;restaurant gastronomique montpellier
Le Cena;Restaurant français;;04 67 66 12 21;2 Pl. Pétrarque, 34000 Montpellier;https://www.cena-montpellier.fr/;restaurant gastronomique montpellier
La Morue;Restaurant méditerranéen;;06 82 00 32 43;23 Rue du Palais des Guilhem, 34000 Montpellier;;restaurant gastronomique montpellier
La Factory devient Berthe;Restaurant;;04 67 20 20 60;598 Av. de la Mer-Raymond Dugrand, 34000 Montpellier;http://www.lafactory-restaurant.fr/carte-la-factory-restaurant-montpellier/;restaurant gastronomique montpellier
Thym Et Romarin;Restaurant français;contact@thymetromarin.com;04 99 61 72 29;14 Rue Roucher, 34000 Montpellier;https://www.thymetromarin.com/;restaurant gastronomique montpellier
Tartine et sac à dos;Restaurant;;04 34 81 39 17;9 Rue Cauzit, 34000 Montpellier;https://www.instagram.com/tartineetsacados?igsh=dHM3Ymp2MHpxMjhn&utm_source=qr;restaurant gastronomique montpellier
Le Melice - Restaurant Montpellier;Restaurant;info@melice.fr;04 67 64 86 51;216 Rue Elie Wiesel, 34000 Montpellier;https://www.melice.fr/;restaurant gastronomique montpellier
Emiko;Restaurant de type izakaya;;09 52 40 44 40;10 B Rue des Balances, 34000 Montpellier;https://www.covermanager.com/reserve/module_restaurant/restaurant-emiko/french;restaurant gastronomique montpellier
L'Atelier de l'Alchimiste;Restaurant;;04 67 60 93 53;5 Rue Four des Flammes, 34000 Montpellier;https://www.alchimistemontpellier.fr/;restaurant gastronomique montpellier
L'artichaut;Restaurant;;04 67 67 91 86;15B Rue Saint-Firmin, 34000 Montpellier;http://www.artichaut-restaurant.com/;restaurant gastronomique montpellier
Hakko;Restaurant végétarien;;09 85 07 65 28;20 Rue Jacques Cœur, 34000 Montpellier;https://www.instagram.com/hakko.montpellier/;restaurant gastronomique montpellier
Ceba - Cuisine d'arrivage, produits locaux et de saison;Restaurant;;04 67 67 22 14;53 Rue de l'Aiguillerie, 34000 Montpellier;https://restaurant-ceba.fr/index.php/exemples-de-menu/;restaurant gastronomique montpellier
New Delhi;Restaurant indien;;04 34 81 03 28;15 Rue de la Fontaine, 34000 Montpellier;https://new-delhi-montpellier.fr/fr/booking;restaurant gastronomique montpellier
Spécialité tunisienne Le Monastir 🇹🇳;Restaurant tunisien;;06 21 57 91 58;07 Pl. Saint-Come, 34000 Montpellier;https://booking.delicity.com/restaurant-le-monastir-montpellier;restaurant gastronomique montpellier
Restaurant La Closerie;Restaurant;;04 67 12 32 32;3 Rue du Clos René, 34000 Montpellier;https://carte-de-restaurant.fr/carte/629732397ef0a/restaurant-la-closerie/;restaurant gastronomique montpellier
Les Casseroles en Folie;Crêperie;;04 67 29 90 45;5 Pl. de la Chapelle Neuve, 34000 Montpellier;;restaurant gastronomique montpellier
Restaurant Le G - Montpellier;Restaurant;;04 34 11 61 17;3409 Av. Etienne Méhul, 34070 Montpellier;https://restaurant-le-g-montpellier.fr/fr/booking;restaurant gastronomique montpellier
L'Original;Restaurant méditerranéen;;09 81 98 72 85;16 Rue Henri René, 34000 Montpellier;;restaurant gastronomique montpellier
AKATSUKI;Restaurant asiatique;;07 68 53 57 03;12 Av. de Toulouse, 34070 Montpellier;https://linktr.ee/akatsuki.restaurant;restaurant asiatique montpellier
Bol Bun & Bubble;Restaurant vietnamien;;04 99 61 07 86;1 Rue d'Alger, 34000 Montpellier;;restaurant asiatique montpellier
MAI SUSHI;Restaurant;;07 83 45 89 49;23 Rue Chaptal, 34000 Montpellier;https://mai-sushi.fr/;restaurant asiatique montpellier
Coco d'Asie;Restaurant thaï;;04 67 64 83 64;4 Rue Ernest Michel, 34000 Montpellier;https://www.facebook.com/110303863798723/photos/rpp.110303863798723/184887839673658/?type=3&theater;restaurant asiatique montpellier
SIAM Thai Bistro;Restaurant thaï;;07 67 40 74 74;15 Av. Georges Clemenceau, 34000 Montpellier;;restaurant asiatique montpellier
Tiger Noodles Louis Blanc;Restaurant chinois;;09 54 31 00 82;4 Bd Louis Blanc, 34000 Montpellier;https://www.instagram.com/tigernoodles.restaurant/?igshid=YmMyMTA2M2Y=;restaurant asiatique montpellier
Parfums D'Asie;Restaurant;;04 67 22 30 63;3 Pl. de Strasbourg, 34000 Montpellier;;restaurant asiatique montpellier
KONG'S FOOD;Restaurant chinois;;04 99 06 46 35;38 Av. Georges Clemenceau, 34000 Montpellier;https://frmapsy.com/business/kong-s-food-IyPJFFZo;restaurant asiatique montpellier
Thanh Long Restaurant;Restaurant vietnamien;;04 67 58 13 88;3 Rue Durand, 34000 Montpellier;;restaurant asiatique montpellier
Quanta;Restaurant vietnamien;;06 28 33 06 27;7 Rue du Faubourg Figuerolles, 34070 Montpellier;http://www.quan-ta.fr/;restaurant asiatique montpellier
Tiger Noodles Antigone;Restaurant chinois;;04 34 46 72 49;11 Pl. du Millénaire, 34000 Montpellier;https://www.instagram.com/tigernoodles.restaurant/?igshid=YmMyMTA2M2Y=;restaurant asiatique montpellier
THAÏ ´N HOUSE;Restaurant thaï;;07 50 00 79 65;5 Rue des Écoles Laïques, 34000 Montpellier;;restaurant asiatique montpellier
Wei sin;Épicerie asiatique;hello@weisin.com;04 67 06 92 43;45-47 Av. Georges Clemenceau, 34000 Montpellier;https://weisin-epicerie.com/;restaurant asiatique montpellier
食在妙 MIAO restaurant&salon de thé chinois;Restaurant chinois;;09 56 30 47 37;2 Rue Delpech, 34000 Montpellier;;restaurant asiatique montpellier
Le Weilai;Restaurant chinois;;04 48 78 16 66;8 Rue du Petit Saint-Jean, 34000 Montpellier;;restaurant asiatique montpellier
YURICHA;Restaurant asiatique;;06 81 67 05 38;68 Rue de l'Aiguillerie, 34000 Montpellier;;restaurant asiatique montpellier
THAÏZONE;Restaurant thaï;;04 99 51 41 29;12 Rue Boussairolles, 34000 Montpellier;https://www.thaizone.fr/menus;restaurant asiatique montpellier
GUUMY;Restaurant asiatique;;07 69 71 37 88;13 Rue Jacques Cœur, 34000 Montpellier;;restaurant asiatique montpellier
To-Ly Phở Bò - Bánh Cuốn;Restaurant vietnamien;;09 85 10 89 65;3 Rue Adam de Craponne, 34000 Montpellier;;restaurant asiatique montpellier
Restaurant Bane Lao;Restaurant laotien;;04 67 92 32 17;4 Rue Rhin et Danube, 34000 Montpellier;https://www.facebook.com/Bane-Lao-403771753034155/;restaurant asiatique montpellier
Ba La Chuoi;Restaurant vietnamien;;09 83 42 64 66;11 Rue Serane, 34000 Montpellier;;restaurant asiatique montpellier
KUMA-Ï SUSHI JAPONAIS A VOLONTÉ MONTPELLIER;Restaurant japonais;;09 65 20 01 29;16 Rue Boussairolles, 34000 Montpellier;https://app.tableo.com/widget/kuma-i-sushi-montpellier-france;restaurant asiatique montpellier
Royal Orchid Restaurant;Restaurant thaï;;04 67 06 59 71;14 Rue Jules Ferry, 34000 Montpellier;;restaurant asiatique montpellier
Sushi Boat;Restaurant japonais;;04 67 92 00 37;12 Rue de Verdun, 34000 Montpellier;https://commandes.sushiboat-france.com/order;restaurant asiatique montpellier
Chô Chaï Montpellier Antigone - Thaï Street Food;Restaurant thaï;;04 34 81 03 07;17 Pl. du Nombre d'Or, 34000 Montpellier;https://totm.co/ChoChaiMontpellierAntigone;restaurant asiatique montpellier
Chez Peng Peng;Restaurant chinois;;07 52 42 66 66;13 Rue de l'Université, 34000 Montpellier;;restaurant asiatique montpellier
Ôd Thaï;Restaurant thaï;;04 99 92 53 58;431 Bd Pedro de Luna, 34070 Montpellier;;restaurant asiatique montpellier
Wei Son;Épicerie asiatique;;09 52 42 15 95;9 Rue d'Alger, 34000 Montpellier;;restaurant asiatique montpellier
Cuisine S;Restaurant vietnamien;;04 99 65 12 41;20 Rue Aristide Ollivier, 34000 Montpellier;https://delicity.com/cuisine-s-montpellier;restaurant asiatique montpellier
Galanga - Cuisine Thaï Lao;Restaurant thaï;;07 63 53 34 54;44 Rue de l'Université, 34000 Montpellier;https://app.galanga-thailao.fr/form/cmktm1inv00002g8b7jde5lpx;restaurant asiatique montpellier
Le Bol d'or - Restaurant Thaï et Vietnamien;Restaurant thaï;;04 67 58 43 35;8 Rue du Clos René, 34000 Montpellier;http://restaurant-leboldor.fr/la-carte-menus-et-desserts/;restaurant asiatique montpellier
Aloy Thai - Montpellier;Restaurant thaï;;09 81 88 70 00;10 Rue Jacques Bounin, 34070 Montpellier;https://www.aloy-thai.fr/;restaurant asiatique montpellier
Thai to Box;Restaurant thaï;himnoy@gmail.com;;13 Rue de Verdun, 34000 Montpellier;https://www.ubereats.com/fr/montpellier/food-delivery/thai-to-box/dns-LusJRmSQG_P2pZQ9oQ;restaurant asiatique montpellier
Rose d'Asie;Traiteur;;04 67 92 49 92;5 Pl. Alexandre Laissac, 34000 Montpellier;;restaurant asiatique montpellier
Wok etc.;;;06 24 76 11 76;28 Rue des Étuves, 34000 Montpellier;;restaurant asiatique montpellier
Moutarde & Wasabi;Restaurant japonais;;04 67 42 84 21;2 Rue Lamartine, 34070 Montpellier;https://app.cookie.menu/restaurants/66f69987c32c87568076f472;restaurant asiatique montpellier
Crousty Mi;Restaurant asiatique;;04 67 60 27 84;18 Rue du Cardinal de Cabrières, 34000 Montpellier;;restaurant asiatique montpellier
Li’s Raviolis Chinois - Léon Blum;Restaurant chinois;contact@etre-visible.local.fr;09 83 66 94 64;470 Rue Léon Blum, 34000 Montpellier;http://li-s-raviolis.fr/contact;restaurant asiatique montpellier
Côté Sushi Montpellier Ecusson;Restaurant de sushis;;04 99 66 70 73;17 Rue Saint-Guilhem, 34000 Montpellier;https://thefork.fr/restaurant/cote-sushi-montpellier-ecusson-r721576?cc=18174-54f&rwg_token=AFd1xnFfRvV9WUmOnwngGbUTVohaYp1gxSTWfgX-EvC_xC9xZ-_iG3JeFQJjSzJ4-XX9f1-RG2bkqiEztRsA8dZjEWp0DUJCGfwAfuh78qnvdbNEaDpNcZ8%3D;restaurant asiatique montpellier
Kashmir villa;Restaurant indien halal;;07 51 41 89 28;10 Bd Louis Blanc, 34000 Montpellier;https://www.kashmir-villa-restaurant-montpellier.fr/;restaurant asiatique montpellier
Ché Lys;Restaurant vietnamien;;07 66 45 60 86;69 Rue de l'Aiguillerie, 34000 Montpellier;https://www.instagram.com/chelys_restaurant?igsh=MXMwZDZoYnA0YjJzYw==;restaurant asiatique montpellier
Li‘s Raviolis Chinois - Université;Restaurant;contact@etre-visible.local.fr;09 52 17 06 05;23 Rue de l'Université, 34000 Montpellier;https://www.li-s-raviolis.fr/;restaurant asiatique montpellier
Wok to Walk Montpellier;Restaurant thaï;;;10 Rue de Verdun, 34000 Montpellier;http://woktowalk.com/;restaurant asiatique montpellier
Sushi Kawaii Montpellier;Sushi à emporter;;04 67 82 88 28;58 Rue Saint-Guilhem, 34000 Montpellier;https://www.sushi-kawaii.fr/r%C3%A9servation;restaurant asiatique montpellier
Sawadee resto thai;Restaurant thaï;;04 67 22 03 44;59 Av. de Toulouse, 34070 Montpellier;https://sawadeerestothai34.wixsite.com/sawadee;restaurant asiatique montpellier
Korean Korner;Restaurant coréen;;07 49 37 98 38;8 Pl. Martyrs de la Résistance, 34000 Montpellier;http://www.thecup.fr/uploads/MenuTheCup2018-19-04.pdf;restaurant asiatique montpellier
Restaurant Vietnamien La Pagode;Restaurant vietnamien;;04 67 58 03 35;17 Rue Boussairolles, 34000 Montpellier;https://www.facebook.com/pages/Restaurant-Vietnamien-la-Pagode/1887010031539846;restaurant asiatique montpellier
Wokami Montpellier;Poulet frit à emporter;;04 99 92 62 99;115 Rue Léon Blum, 34000 Montpellier;https://www.instagram.com/p/DG0ymCDo3CA/?hl=fr&img_index=1;restaurant asiatique montpellier
The Little Italy Shop restaurant italien;Restaurant italien;;04 11 93 79 72;4 bis Cr Gambetta, 34000 Montpellier;https://thefork.fr/restaurant/the-little-italy-shop-r828351?cc=18174-54f&rwg_token=AFd1xnH6QMVYlKm2a4bVTzEPNxxjtG_7c8sDYfHIIYLQ1KoQyBc7Az_jeKohQ-jRU4fiqPGYE9Qpnbau5qJY7Yq3rneP4HMX85uNy5nj5O1iLWiM9n7Ly-A%3D;restaurant italien montpellier
Casa Di Giorgio - Restaurant Italien à Montpellier;Restaurant italien;;04 67 66 04 17;10 Rue de la Loge, 34000 Montpellier;https://bookings.zenchef.com/results?rid=372901&pid=1001;restaurant italien montpellier
Il Pastaiolo;Restaurant italien;;09 54 77 15 17;18 Rue Henri René, 34000 Montpellier;https://beacons.ai/ilpastaiolo;restaurant italien montpellier
Romagna Kitchen - Spécialités italiennes;Restaurant italien;;04 22 91 04 53;20 Rue du Faubourg du Courreau, 34000 Montpellier;http://romagnakitchen.com/;restaurant italien montpellier
Strada by IT - Montpellier;Restaurant italien;office.florida@it-trattoria.com;;5 Rue de Maguelone, 34000 Montpellier;https://it-trattoria.com/?utm_source=google&utm_medium=organic&utm_campaign=mybusiness-website;restaurant italien montpellier
Via Pila;Restaurant italien;;07 71 67 98 68;2 Rue du Pila St Gély, 34000 Montpellier;;restaurant italien montpellier
Antonio e Marco - Montpellier;Restaurant italien;;04 99 53 33 57;23 Rue de Chio, 34000 Montpellier;https://bookings.zenchef.com/results?rid=383601&pid=1001&isPreview=1;restaurant italien montpellier
La Trattoria;Restaurant;;04 99 66 33 64;5 Rue de l'Ancienne Poste, 34000 Montpellier;https://www.la-trattoria-restaurant-montpellier.fr/;restaurant italien montpellier
La Maison d´Anna;Restaurant italien;;09 66 98 89 49;1 Rue des Trésoriers de France, 34000 Montpellier;https://thefork.fr/restaurant/la-maison-d-anna-r811984?cc=18174-54f&rwg_token=AFd1xnHPCwI5Fp50cwmOJuAneJfPGMXTV21XITQs7NMQFTOJrW2hUCKI549wKJYERDo5rpFWydRda0eK6lfbkvSRZffERDR7zDVfv5CTDpWfDnqUWAP2GYo%3D;restaurant italien montpellier
La Nonna Restaurant Montpellier Millénaire;Restaurant italien;;09 70 66 95 96;1086 Av. Albert Einstein, 34000 Montpellier;https://reservation.laddition.com/booking/lanonna#/date;restaurant italien montpellier
Foca Mia;Restaurant italien;;09 81 23 07 00;16 Rue Saint-Guilhem, 34000 Montpellier;;restaurant italien montpellier
Caravaggio;Restaurant italien;contact@caravaggio.fr;04 67 56 53 07;22 Rue du Palais des Guilhem, 34000 Montpellier;https://caravaggio.fr/commander/;restaurant italien montpellier
Le Secco;Restaurant italien;;04 67 05 96 15;10 Rue du Petit Saint-Jean, 34000 Montpellier;http://www.restaurantsecco.fr/;restaurant italien montpellier
Cucina Nostra;Restaurant italien;;09 81 79 48 57;6 Rue des Écoles Laïques, 34000 Montpellier;https://thefork.fr/restaurant/cucina-nostra-r715589?cc=18174-54f&rwg_token=AFd1xnHsYMdnLdJRvgsdP2FKzgpEf5FzdOuVoY4q8PQ0WF4hmIUw0kHCYNUfYpP31VDaykNdn8hoWlysXC59R1qAblDSRTCf9w4s8v1_Twuhg95ext1nFhQ%3D;restaurant italien montpellier
La Vita è Bella;Épicerie italienne;;09 86 66 68 43;1 Bd Louis Blanc, 34090 Montpellier;https://www.instagram.com/lavitaebella.montpellier?igsh=MXQzM2RkYndzMTU5cw==;restaurant italien montpellier
Pourquoi Pas;Restaurant;;04 67 17 76 62;8 Pl. du Millénaire, 34000 Montpellier;https://restopourquoipas.wixsite.com/pourquoipas/menu;restaurant italien montpellier
DiscoVolante;Restaurant italien;;07 67 36 71 27;27 Rue de l'Aiguillerie, 34000 Montpellier;https://bookings.zenchef.com/results?rid=360088&pid=1001;restaurant italien montpellier
Angelo Gelato Caffè - Artisan Glacier- Fabrication Artisanale - Café Italien;Marchand de glaces;angelogelatocaffe@gmail.com;04 67 06 52 90;58 Grand Rue Jean Moulin, 34000 Montpellier;https://www.angelogelatocaffe.com/;restaurant italien montpellier
Meraki Taverna;Restaurant grec;contact@meraki.restaurant;04 67 05 95 46;4 Rue de la République, 34000 Montpellier;https://meraki.restaurant/wp-content/uploads/2026/04/Carte-printemps-2026.pdf;restaurant italien montpellier
Baba Ristorante;Restaurant;;04 67 60 77 23;21 Rue Vallat, 34000 Montpellier;https://www.baba-ristorante.com/plats;restaurant italien montpellier
La Vita Al dente;Restaurant;;06 87 56 09 82;Halles du Lez, Av. de la Mer, 34000 Montpellier;https://lavitaaldente.fr/;restaurant italien montpellier
Pizzeria Sicilia - Montpellier;Pizzeria;;04 67 66 30 98;20 Rue du Pila St Gély, 34000 Montpellier;https://www.facebook.com/pizzeriaSiciliamtp/;restaurant italien montpellier
L'indya;Restaurant indien;;04 67 63 13 15;7 Rue Alfred Bruyas, 34000 Montpellier;https://instagram.com/lindya.montpellier?igshid=OGQ5ZDc2ODk2ZA==;restaurant italien montpellier
O BEACH;Restaurant italien;;04 67 05 67 53;70 Av. du Pont Juvénal, 34000 Montpellier;http://ristorante-obeach.com/;restaurant italien montpellier
Arezzo;Restaurant italien;;04 67 54 70 79;8 Rue de l'Herberie, 34000 Montpellier;https://www.arezzo-montpellier.com/carte-restaurant-italien-montpellier/;restaurant italien montpellier
Takkito;Restaurant;;07 75 86 69 87;8 ter Rue du Bras de Fer, 34000 Montpellier;https://www.takkito.com/contact;restaurant italien montpellier
Crêperie Le Kreisker;Crêperie;;04 67 60 82 50;3 Pass. Bruyas, 34000 Montpellier;https://www.creperielekreisker.com/notre-carte;creperie montpellier
Eugénie crêperie Saint Roch;Crêperie;;04 99 66 99 46;9 Rue Jules Latreilhe, 34000 Montpellier;;creperie montpellier
Yo&Co - Pancakerie, Crêperie et Yaourts glacés.;Crêperie;;04 67 12 10 45;31 Rue Saint-Guilhem, 34000 Montpellier;https://www.yoandco.net/;creperie montpellier
Froment & Sarrasin - Crêperie;Crêperie;fromentetsarrasin@yahoo.com;04 67 60 68 10;7 Rue Jacques Cœur, 34000 Montpellier;https://www.fromentetsarrasin-creperie.com/;creperie montpellier
La Crêperie de la Comédie;Crêperie;;09 75 26 48 87;12 Pl. de la Comédie, 34000 Montpellier;;creperie montpellier
Le Tiram's;Boutique de desserts;;04 49 07 03 00;23 Av. Georges Clemenceau, 34000 Montpellier;;creperie montpellier
Original Crêpe & Waffle Montpellier;Restaurant;;09 61 17 16 43;504 Av. du Mas d'Argelliers, 34070 Montpellier;;creperie montpellier
Tacos Square Montpellier;Restauration rapide;;09 87 30 41 11;35 Av. Georges Clemenceau, 34000 Montpellier;http://www.tacossquare.fr/;creperie montpellier
Crêpe Touch Odysseum;Restaurant;;04 30 96 83 63;Centre Commercial Odysseum, 2 Pl. de Lisbonne, 34000 Montpellier;https://restaurants.crepetouch.com/montpellier-odysseum/?utm_source=google&utm_medium=organic&utm_campaign=mybusiness-website;creperie montpellier
Pause gourmande;Restauration rapide;;;35 Grand Rue Jean Moulin, 34000 Montpellier;;creperie montpellier
Amorino Gelato - Montpellier Triangle;Marchand de glaces;;04 67 56 27 07;All. Jules Milhau, 34000 Montpellier;https://www.amorino.com/menu;creperie montpellier
Amorino Gelato - Montpellier Loge;Marchand de glaces;;04 67 57 85 25;12 Rue de la Loge, 34000 Montpellier;https://www.amorino.com/menu;creperie montpellier
Jean Le Gourmand MONTPELLIER;Crêperie;;04 67 60 97 19;4 All. Jules Milhau, 34000 Montpellier;https://www.marieblachere.com/;creperie montpellier
Crêperie - Le Blé Noir;Restaurant;;09 75 73 00 08;179 Rte de Mende, 34730 Prades-le-Lez;;creperie montpellier
Balthazar café & restaurant;Restaurant français;;04 34 40 09 40;9 Pl. Chabaneau, 34000 Montpellier;http://www.balthazar-restaurant.fr/;creperie montpellier
Grand Slam Burger | Hamburger Montpellier;Restauration rapide;;06 31 29 16 65;16 Rue Boussairolles, 34000 Montpellier;https://www.ubereats.com/fr/store/grand-slam-burger/uE_rBK7yVaSi1gBR1CFCnQ?diningMode=DELIVERY&pl=JTdCJTIyYWRkcmVzcyUyMiUzQSUyMk1vbnRwZWxsaWVyJTIyJTJDJTIycmVmZXJlbmNlJTIyJTNBJTIyQ2hJSnNaM2RKUWV2dGhJUkF1aVVLSFJXaDYwJTIyJTJDJTIycmVmZXJlbmNlVHlwZSUyMiUzQSUyMmdvb2dsZV9wbGFjZXMlMjIlMkMlMjJsYXRpdHVkZSUyMiUzQTQzLjYxMDg1MzUlMkMlMjJsb25naXR1ZGUlMjIlM0EzLjg3NjEzMjMlN0Q%3D&ps=1&surfaceName=;creperie montpellier
M Bretzels café Jean Moulin;Magasin de bretzels;;06 60 07 11 25;3 Grand Rue Jean Moulin, 34000 Montpellier;;creperie montpellier
Le Mélody;Restaurant;;04 67 60 56 20;18 Rue Saint-Pierre, 34000 Montpellier;;creperie montpellier
Toast and Tea;Restaurant français;;04 67 60 87 87;7 Rue Vallat, 34000 Montpellier;https://zelift.com/toast-tea-montpellier;creperie montpellier
Glacier - Mamma Mia;Marchand de glaces;nadia.zeta@icloud.com;09 52 28 11 65;1 Rue de Verdun, 34000 Montpellier;http://mamma-mia-gelateria.eatbu.com/;creperie montpellier
capricho;Crêperie;;09 50 40 38 69;2 Pl. Molière, 34000 Montpellier;;creperie montpellier
Le Triple-B-Gourmet;Restaurant;;04 99 58 49 85;Centre commercial le Triangle, 26 All. Jules Milhau, 34000 Montpellier;https://www.facebook.com/p/Le-Triple-B-Gourmet-100090228360308/;creperie montpellier
Empanadas Club;Restaurant;;04 83 43 28 23;15 Rue de Ratte, 34000 Montpellier;https://www.empanadasclub.com/reservation-montpellier;creperie montpellier
Bloom and Cake's;Restauration rapide;;04 99 64 12 60;Centre commercial Polygone, 1 Rue des Pertuisanes, 34000 Montpellier;https://liens.bloomandcakes.fr/;creperie montpellier
À La Braise;Grillades;Chickenbraise34@gmail.com;06 03 10 37 92;11 Rue Aristide Ollivier, 34000 Montpellier;https://www.facebook.com/ChickenBraise/;creperie montpellier
Crêperie d'Amelie Odysseum;Restaurant;;07 60 83 16 36;2 Pl. de Lisbonne, 34000 Montpellier;;creperie montpellier
Aux Délices De La Gourmandise;Restauration rapide;;07 45 39 55 74;6 Rue de Verdun, 34000 Montpellier;;creperie montpellier
Une histoire de Goût;Restaurant;;04 67 42 92 91;39 Pl. du Millénaire, 34000 Montpellier;;restaurant antigone montpellier
L’Endroit du Jour;Restaurant français;;09 84 21 56 23;121 Rue d'Athenes, 34000 Montpellier;https://thefork.fr/restaurant/l-endroit-du-jour-r855420?cc=18174-54f&rwg_token=AFd1xnEWbvzFAmdqJ7ZqaBK59Rk-NgffcgfyuyCi1hRpe8nGbK442O_6jq6aVDKazESmghvVFkQAJzPP0qy3NcXy93x880_OVg8VfWQP3RU8RVGWJn2jzsA%3D;restaurant antigone montpellier
Coffee Shop l THE BABEL COMMUNITY – Montpellier Antigone;Café;;07 87 26 26 60;954 Av. Jean Mermoz, 34000 Montpellier;https://bookings.zenchef.com/results?rid=357191&pid=1001;restaurant antigone montpellier
Gyraya;Restaurant grec;;09 51 54 31 36;22 Pl. du Millénaire, 34000 Montpellier;https://www.gyraya.fr/commander/commander-maintenant;restaurant antigone montpellier
Brasserie Vert Tomate;Restaurant;;09 81 11 86 00;23 Pl. du Nombre d'Or, 34000 Montpellier;https://www.facebook.com/pages/Monsieur-Jules/687256041434728;restaurant antigone montpellier
Restaurant L'Arlequin;Restaurant;contact@larlequinmontpellier.com;04 67 22 27 98;Espl. de l'Europe, 34000 Montpellier;http://www.larlequinmontpellier.com/;restaurant antigone montpellier
RAMEN LIFE;Restaurant japonais;;06 32 24 16 75;1 Pl. du Millénaire, 34000 Montpellier;;restaurant antigone montpellier
L'IDÉAL;Restaurant;;06 14 71 77 80;143 Pl. de Thessalie, 34000 Montpellier;;restaurant antigone montpellier
Sumac;Restaurant libanais;;04 67 22 44 75;20 Pl. du Nombre d'Or, 34000 Montpellier;https://thefork.fr/restaurant/sumac-r607833?cc=18174-54f&rwg_token=AFd1xnFawnpPRLBMPamC42ldbH-3fr7I_GBamQm4fAEsAC3YvDHLRxYetqkQQKcrY8RYjVPuvzT3QAC1ZIeqkGodI1e19zGVTOCEz3tLt2climdmbtz9nUY%3D;restaurant antigone montpellier
La Famille;Restaurant;;07 86 31 84 19;585 Bd d'Antigone, 34000 Montpellier;https://www.lafamillemontpellier.com/menus;restaurant antigone montpellier
BRASSERIE QUOTIDIENNE;Restaurant;;04 67 64 06 64;95, Place Vauban, Bd d'Antigone, 34000 Montpellier;https://thefork.fr/restaurant/brasserie-quotidienne-r718791?cc=18174-54f&rwg_token=AFd1xnHiZDrKx2QDPaX8wlh1-WRzzPMt7v9KwniwWU3AG3dFgE4FQDntKzcnZYJCZOqtXybQBBfllVaZzY2g7YWg1lPIW8AeN2W7BJdACnrAzsAFxUreHsw%3D;restaurant antigone montpellier
Le tête en l'air café;Restaurant;;06 81 99 47 64;1 Pl. Paul Bec, 34000 Montpellier;http://www.tete-en-lair-cafe.fr/;restaurant antigone montpellier
Le NAKA;Restaurant de cuisine traditionnelle;;04 67 81 92 54;17 Pl. du Millénaire, 34000 Montpellier;https://frmapsy.com/business/le-naka-yLQyX-L4;restaurant antigone montpellier
Hippopotamus Montpellier Antigone – Steakhouse & Grill au four à braise;Restaurant;;04 67 15 96 40;Esplanade de l'Europe, Bâtiment D, 34000 Montpellier;https://bookings.zenchef.com/results?rid=355124&pid=1001&y_source=1_MTQ4MDU1MTgtNzE1LWxvY2F0aW9uLnJlc2VydmF0aW9uX3VybA%3D%3D;restaurant antigone montpellier
Le petit Marrakech;Restaurant marocain;;07 49 81 67 78;36 Pl. du Millénaire, 34000 Montpellier;;restaurant antigone montpellier
Lunch and More;Restaurant;;06 99 46 74 75;165 Av. Jacques Cartier, 34000 Montpellier;http://lunchandmore.fr/;restaurant antigone montpellier
Le croissant (par Martin Brossard);Restauration rapide;;04 67 56 07 49;40 Pl. du Millénaire, 34000 Montpellier;https://www.instagram.com/lecroissantmb?igsh=bTlmN3lmcnd0Yzht;restaurant antigone montpellier
Au Restaurant Mimino;Restaurant caucasien;;07 44 88 21 41;30 Pl. du Millénaire, 34000 Montpellier;https://t.me/MiminorestoBot;restaurant antigone montpellier
LE VERTIGO ROOFTOP;Restaurant;;04 67 99 72 72;1 Rue des Pertuisanes, 34000 Montpellier;https://thefork.fr/restaurant/le-vertigo-rooftop-r19456?cc=18174-54f&rwg_token=AFd1xnGPQmVVBpUz3qe5I89zYHYhg7mFX7ZBnwNtQmd8k3jMSnVRM_accngLNBreKhUK4AUWF9NXHlj-kBcMAhmO0c7452VjSNZPiPE117jlUXZTgNYwSqE%3D;restaurant antigone montpellier
Takô Sushi;Restaurant japonais;tako-sushi@outlook.fr;04 99 92 64 69;Halles Jacques Coeur, Tram Ligne 1 - Arrêt Léon Blum, 160 Rue de Crète, 34000 Montpellier;http://tako-sushi-montpellier.eatbu.com/;restaurant antigone montpellier
BRUNCH AND CAKES💕🧁- Montpellier;Restaurant brunch;;07 82 12 23 62;27 Pl. du Millénaire, 34000 Montpellier;https://www.brunchandcakes.fr/contact;restaurant antigone montpellier
Yakamoz Restaurant;Restaurant turc;;09 80 55 38 65;14 Pl. du Nombre d'Or, 34000 Montpellier;;restaurant antigone montpellier
Côté Sushi Montpellier Antigone;Restaurant de sushis;;09 72 57 95 93;17 Pl. du Nombre d'Or, 34000 Montpellier;https://thefork.fr/restaurant/cote-sushi-montpellier-antigone-r278675?cc=18174-54f&rwg_token=AFd1xnHqt44e5ktorq-CIie7gR5u4XqZkJEnLbkbpvoJ5x9i89_hmIy3QXrwR-wGmr-fVhKVt0t72s0yZGI4dpzt3Lve90lOYvZvqtwE7A6kWWWVcJdE1v0%3D;restaurant antigone montpellier
Brasserie 96;Brasserie;;04 67 69 58 97;96 Rue Cavelier de la Salle, 34000 Montpellier;;restaurant antigone montpellier
NaturElle;Restaurant;naturellepolygone@gmail.com;04 99 64 96 29;centre commercial polygone, 1 Rue des Pertuisanes, 34000 Montpellier;http://naturelle-polygone.fr/;restaurant antigone montpellier
Le Karawan;Restaurant libanais;fouad_20112012@hotmail.com;06 79 14 54 77;24 Rue du Pont de Lattes, 34000 Montpellier;https://le-karawane-montpellier.eatbu.com/?lang=fr;restaurant antigone montpellier
TACOS & PIZZA - ANTIGONE;Pizzeria;;07 59 57 15 51;33 Pl. du Millénaire, 34000 Montpellier;;restaurant antigone montpellier
BAGELSTEIN • Bagels & Coffee shop;Restauration rapide;;04 67 64 31 24;1 Pl. Paul Bec, 34000 Montpellier;https://www.bagelstein.com/carte/menus-formules;restaurant antigone montpellier
Le Sud;Restaurant;le-sud.shop@gmail.com;04 67 22 22 44;Espl. de l'Europe, 34000 Montpellier;https://le-sud.shop/;restaurant antigone montpellier
Cuisine S2;Restaurant asiatique;;04 67 02 00 63;En bas de Eat Salade(devant Polygone), l’acces par l’ascenseur, Immeuble Le Triangle, 26 All. Jules Milhau, 34000 Montpellier;https://cuisines-viet.fr/;restaurant antigone montpellier
Les Jardins d'Antigone;Épicerie;;04 67 65 70 35;10 Pl. du Millénaire, 34000 Montpellier;https://www.cdsinitial.fr/;restaurant antigone montpellier
La Kitchenette;Restaurant;;09 83 39 39 19;40 All. Alberto Giacometti, 34000 Montpellier;;restaurant port marianne montpellier
Trinquefougasse O’Sud;Restaurant;;04 99 23 27 05;148 Rue de Galata, 34000 Montpellier;https://www.trinquefougasse.com/sud/resa;restaurant port marianne montpellier
Le Comptoir;Bar;;06 33 26 62 81;180 Rue de Galata, 34000 Montpellier;https://lecomptoir.one/carte-bistro.html;restaurant port marianne montpellier
CHEZ CUI-CUI by Mididix;Restaurant;;04 99 54 59 56;181 Pl. Ernest Granier, 34000 Montpellier;;restaurant port marianne montpellier
GOYA Montpellier Restaurant;Restaurant;contact@goyarestaurant.com;04 99 13 65 58;216 Rue Elie Wiesel, 34000 Montpellier;https://goyarestaurant.com/carte/;restaurant port marianne montpellier
SHAKE BEEF PORTMARIANNE;Restauration rapide;;07 74 62 38 11;226 Rue Vendémiaire, 34000 Montpellier;https://shakebeef.fr/;restaurant port marianne montpellier
Momy's Brunch Montpellier;Restaurant brunch;;;Allée de la Méditerranée, parallèlement, Rue de Syracuse, 34000 Montpellier;https://instagram.com/momys.brunch.montpellier?igshid=YmMyMTA2M2Y=;restaurant port marianne montpellier
De la Sierra Coffee Roasters - Port Marianne;Entreprise de torréfaction;;06 08 89 59 66;1070 Av. Nina Simone, 34000 Montpellier;https://delasierracafe.com/shop/;restaurant port marianne montpellier
La Selva;Restaurant de viande à la découpe;;07 83 51 22 45;Allée de la Méditerranée, 52 Rue de Syracuse, 34000 Montpellier;;restaurant port marianne montpellier
Coldrip - Port Marianne;Restaurant brunch;;;290 Av. Théroigne de Méricourt, 34000 Montpellier;https://coldripfoodandcoffee.fr/menu-coldrip-port-marianne/;restaurant port marianne montpellier
Clover Brunch and Coffee;Restaurant brunch;contact@jscom.fr;04 99 53 35 08;114 Rue Elie Wiesel, 34000 Montpellier;https://www.jscom.fr/CLOVER/index.html;restaurant port marianne montpellier
Le Hubba;Restaurant halal;stratad.consulting@gmail.com;07 89 51 69 65;110 Rue Elie Wiesel, 34000 Montpellier;https://www.le-hubba.fr/les-menus;restaurant port marianne montpellier
KOJI;Restaurant japonais;;04 99 54 66 67;31 Rue de Chio, 34000 Montpellier;https://www.instagram.com/koji_restaurant;restaurant port marianne montpellier
Terminal #1;Restaurant;;04 99 58 38 38;1408 Av. de la Mer, 34000 Montpellier;https://bookings.zenchef.com/results?rid=363851&pid=1001;restaurant port marianne montpellier
BIVOUAK CAFÉ - Restaurant -;Restaurant;CONTACT@BIVOUAKCAFE.COM;06 81 37 82 75;1348 Av. de la Mer-Raymond Dugrand, 34000 Montpellier;https://www.bivouakcafe.fr/reservation/;restaurant port marianne montpellier
Le Voltaire;Restaurant halal;;04 67 92 57 10;52 Bd de Strasbourg, 34000 Montpellier;;restaurant port marianne montpellier
L'Atmosphère;Restaurant;;06 25 47 24 94;90 Rue de Galata, 34000 Montpellier;https://www.instagram.com/latmosphere_mtp?igsh=ZmVpa3c4MWQ2cXp6;restaurant port marianne montpellier
Jean le Croquant - Streetfood;Restauration rapide;;07 56 96 93 33;Jardins du Lez, 1348 Av. de la Mer-Raymond Dugrand, 34000 Montpellier;https://streetfood.jeanlecroquant.fr/order/?type=delivery;restaurant port marianne montpellier
Les Poissons d'abord;Poissonnerie;;04 67 07 59 07;50 Pl. Rudolf Brazda, 34000 Montpellier;;restaurant port marianne montpellier
Full Tacos;Restauration rapide;;04 67 65 88 67;53 Pl. Thermidor, 34000 Montpellier;https://full-tacos.shop/;restaurant port marianne montpellier
Les Halles Solanid;Restaurant;;06 37 12 53 13;132 Bd Pénélope, 34000 Montpellier;https://montpellier-millenaire.halles-solanid.fr/carte-de-la-semaine/;restaurant port marianne montpellier
Chez lez Amis;Restaurant;lezamismontpellier@outlook.com;07 83 72 55 96;5 Pl. de la Révolution française, 34000 Montpellier;http://chez-lez-amis.eatbu.com/;restaurant port marianne montpellier
ChickenPlace;Restauration rapide;contact@grubbio.com;04 67 56 17 45;80 Pl. Georges Frêche, 34000 Montpellier;https://chickenplace.shop/;restaurant port marianne montpellier
Ninkasi Montpellier;Restaurant;;04 22 91 31 83;32 Pl. Pablo Picasso, 34000 Montpellier;https://www.ninkasi.fr/wp-content/uploads/2026/04/menu-montpellier.pdf;restaurant port marianne montpellier
Le Comptoir Alaryk;Bar à bières;;;MARCHÉ DU LEZ, 1348 Av. de la Mer-Raymond Dugrand, 34000 Montpellier;http://www.alaryk.fr/;restaurant port marianne montpellier
Groove Café | brunch;Restaurant brunch;pothos.lena34@gmail.com;09 54 51 34 14;191 rue Shirin Ebadi, All. de la Méditerranée, 34000 Montpellier;https://groovecafe.my.canva.site/;restaurant port marianne montpellier
My Beers Montpellier;Bar à bières;contact@mybeers.fr;04 67 47 15 20;890 Av. de la Mer-Raymond Dugrand, 34000 Montpellier;https://www.mybeers.fr/;restaurant port marianne montpellier
